"ID","Name","Category","Price"
"ID1","Name1","Category3","623.00"
"ID2","Name2","Category4","100.00"
"ID3","Name3","Category4","349.00"
"ID4","Name4","Category1","864.00"
"ID5","Name5","Category2","337.00"
"ID6","Name6","Category3","386.00"
"ID7","Name7","Category2","937.00"
"ID8","Name8","Category1","267.00"
"ID9","Name9","Category3","104.00"
"ID10","Name10","Category4","919.00"
"ID11","Name11","Category4","789.00"
"ID12","Name12","Category1","883.00"
"ID13","Name13","Category1","479.00"
"ID14","Name14","Category1","675.00"
"ID15","Name15","Category4","830.00"
"ID16","Name16","Category1","882.00"
"ID17","Name17","Category4","331.00"
"ID18","Name18","Category3","901.00"
"ID19","Name19","Category3","900.00"
"ID20","Name20","Category3","458.00"
"ID21","Name21","Category3","578.00"
"ID22","Name22","Category1","220.00"
"ID23","Name23","Category3","282.00"
"ID24","Name24","Category2","641.00"
"ID25","Name25","Category3","509.00"
"ID26","Name26","Category2","835.00"
"ID27","Name27","Category1","475.00"
"ID28","Name28","Category4","845.00"
"ID29","Name29","Category3","778.00"
"ID30","Name30","Category1","304.00"
"ID31","Name31","Category3","338.00"
"ID32","Name32","Category4","157.00"
"ID33","Name33","Category1","736.00"
"ID34","Name34","Category1","318.00"
"ID35","Name35","Category4","624.00"
"ID36","Name36","Category3","550.00"
"ID37","Name37","Category2","681.00"
"ID38","Name38","Category3","879.00"
"ID39","Name39","Category3","189.00"
"ID40","Name40","Category1","975.00"
"ID41","Name41","Category4","312.00"
"ID42","Name42","Category3","445.00"
"ID43","Name43","Category4","685.00"
"ID44","Name44","Category1","114.00"
"ID45","Name45","Category3","893.00"
"ID46","Name46","Category4","425.00"
"ID47","Name47","Category4","711.00"
"ID48","Name48","Category3","834.00"
"ID49","Name49","Category1","243.00"
"ID50","Name50","Category4","362.00"
"ID51","Name51","Category3","804.00"
"ID52","Name52","Category3","765.00"
"ID53","Name53","Category2","15.00"
"ID54","Name54","Category4","775.00"
"ID55","Name55","Category2","218.00"
"ID56","Name56","Category4","546.00"
"ID57","Name57","Category3","150.00"
"ID58","Name58","Category1","710.00"
"ID59","Name59","Category4","788.00"
"ID60","Name60","Category3","97.00"
"ID61","Name61","Category3","365.00"
"ID62","Name62","Category2","613.00"
"ID63","Name63","Category2","616.00"
"ID64","Name64","Category1","984.00"
"ID65","Name65","Category2","395.00"
"ID66","Name66","Category2","153.00"
"ID67","Name67","Category3","785.00"
"ID68","Name68","Category2","150.00"
"ID69","Name69","Category2","986.00"
"ID70","Name70","Category4","374.00"
"ID71","Name71","Category3","993.00"
"ID72","Name72","Category1","160.00"
"ID73","Name73","Category4","232.00"
"ID74","Name74","Category3","562.00"
"ID75","Name75","Category2","709.00"
"ID76","Name76","Category3","604.00"
"ID77","Name77","Category3","833.00"
"ID78","Name78","Category3","742.00"
"ID79","Name79","Category1","246.00"
"ID80","Name80","Category4","247.00"
"ID81","Name81","Category1","206.00"
"ID82","Name82","Category4","110.00"
"ID83","Name83","Category3","654.00"
"ID84","Name84","Category3","993.00"
"ID85","Name85","Category2","892.00"
"ID86","Name86","Category1","782.00"
"ID87","Name87","Category3","893.00"
"ID88","Name88","Category1","667.00"
"ID89","Name89","Category1","804.00"
"ID90","Name90","Category1","635.00"
"ID91","Name91","Category4","877.00"
"ID92","Name92","Category4","474.00"
"ID93","Name93","Category4","2.00"
"ID94","Name94","Category1","122.00"
"ID95","Name95","Category4","189.00"
"ID96","Name96","Category2","217.00"
"ID97","Name97","Category4","856.00"
"ID98","Name98","Category1","154.00"
"ID99","Name99","Category4","47.00"
"ID100","Name100","Category3","54.00"
"ID101","Name101","Category3","567.00"
"ID102","Name102","Category1","971.00"
"ID103","Name103","Category3","849.00"
"ID104","Name104","Category2","431.00"
"ID105","Name105","Category2","963.00"
"ID106","Name106","Category1","986.00"
"ID107","Name107","Category3","545.00"
"ID108","Name108","Category3","395.00"
"ID109","Name109","Category4","958.00"
"ID110","Name110","Category4","104.00"
"ID111","Name111","Category1","173.00"
"ID112","Name112","Category3","34.00"
"ID113","Name113","Category1","900.00"
"ID114","Name114","Category3","166.00"
"ID115","Name115","Category3","192.00"
"ID116","Name116","Category2","334.00"
"ID117","Name117","Category4","345.00"
"ID118","Name118","Category1","9.00"
"ID119","Name119","Category4","791.00"
"ID120","Name120","Category2","526.00"
"ID121","Name121","Category4","96.00"
"ID122","Name122","Category2","241.00"
"ID123","Name123","Category3","424.00"
"ID124","Name124","Category1","968.00"
"ID125","Name125","Category2","553.00"
"ID126","Name126","Category1","671.00"
"ID127","Name127","Category1","341.00"
"ID128","Name128","Category3","790.00"
"ID129","Name129","Category3","508.00"
"ID130","Name130","Category3","892.00"
"ID131","Name131","Category1","384.00"
"ID132","Name132","Category4","942.00"
"ID133","Name133","Category3","734.00"
"ID134","Name134","Category3","158.00"
"ID135","Name135","Category4","659.00"
"ID136","Name136","Category2","848.00"
"ID137","Name137","Category4","74.00"
"ID138","Name138","Category4","35.00"
"ID139","Name139","Category4","20.00"
"ID140","Name140","Category4","482.00"
"ID141","Name141","Category1","140.00"
"ID142","Name142","Category3","207.00"
"ID143","Name143","Category1","957.00"
"ID144","Name144","Category1","100.00"
"ID145","Name145","Category3","652.00"
"ID146","Name146","Category3","475.00"
"ID147","Name147","Category3","698.00"
"ID148","Name148","Category2","317.00"
"ID149","Name149","Category1","99.00"
"ID150","Name150","Category3","93.00"
"ID151","Name151","Category3","77.00"
"ID152","Name152","Category3","67.00"
"ID153","Name153","Category3","706.00"
"ID154","Name154","Category2","257.00"
"ID155","Name155","Category4","966.00"
"ID156","Name156","Category1","899.00"
"ID157","Name157","Category4","389.00"
"ID158","Name158","Category3","39.00"
"ID159","Name159","Category3","266.00"
"ID160","Name160","Category1","61.00"
"ID161","Name161","Category4","234.00"
"ID162","Name162","Category1","440.00"
"ID163","Name163","Category4","848.00"
"ID164","Name164","Category3","207.00"
"ID165","Name165","Category4","941.00"
"ID166","Name166","Category3","628.00"
"ID167","Name167","Category1","514.00"
"ID168","Name168","Category3","923.00"
"ID169","Name169","Category3","381.00"
"ID170","Name170","Category3","83.00"
"ID171","Name171","Category1","70.00"
"ID172","Name172","Category4","663.00"
"ID173","Name173","Category2","921.00"
"ID174","Name174","Category2","865.00"
"ID175","Name175","Category2","33.00"
"ID176","Name176","Category2","441.00"
"ID177","Name177","Category2","825.00"
"ID178","Name178","Category2","284.00"
"ID179","Name179","Category2","759.00"
"ID180","Name180","Category3","997.00"
"ID181","Name181","Category3","8.00"
"ID182","Name182","Category2","408.00"
"ID183","Name183","Category2","846.00"
"ID184","Name184","Category4","343.00"
"ID185","Name185","Category1","106.00"
"ID186","Name186","Category1","363.00"
"ID187","Name187","Category3","403.00"
"ID188","Name188","Category3","267.00"
"ID189","Name189","Category4","939.00"
"ID190","Name190","Category4","560.00"
"ID191","Name191","Category4","482.00"
"ID192","Name192","Category1","793.00"
"ID193","Name193","Category4","108.00"
"ID194","Name194","Category1","652.00"
"ID195","Name195","Category3","783.00"
"ID196","Name196","Category4","815.00"
"ID197","Name197","Category1","910.00"
"ID198","Name198","Category3","426.00"
"ID199","Name199","Category4","848.00"
"ID200","Name200","Category3","842.00"
"ID201","Name201","Category2","39.00"
"ID202","Name202","Category1","28.00"
"ID203","Name203","Category1","938.00"
"ID204","Name204","Category4","892.00"
"ID205","Name205","Category1","593.00"
"ID206","Name206","Category4","625.00"
"ID207","Name207","Category2","953.00"
"ID208","Name208","Category4","615.00"
"ID209","Name209","Category1","58.00"
"ID210","Name210","Category3","53.00"
"ID211","Name211","Category4","178.00"
"ID212","Name212","Category4","672.00"
"ID213","Name213","Category2","334.00"
"ID214","Name214","Category1","988.00"
"ID215","Name215","Category1","207.00"
"ID216","Name216","Category2","837.00"
"ID217","Name217","Category4","28.00"
"ID218","Name218","Category3","921.00"
"ID219","Name219","Category4","768.00"
"ID220","Name220","Category1","10.00"
"ID221","Name221","Category4","935.00"
"ID222","Name222","Category3","951.00"
"ID223","Name223","Category3","658.00"
"ID224","Name224","Category1","692.00"
"ID225","Name225","Category4","982.00"
"ID226","Name226","Category3","590.00"
"ID227","Name227","Category4","578.00"
"ID228","Name228","Category2","251.00"
"ID229","Name229","Category2","50.00"
"ID230","Name230","Category4","214.00"
"ID231","Name231","Category2","531.00"
"ID232","Name232","Category1","124.00"
"ID233","Name233","Category4","935.00"
"ID234","Name234","Category3","181.00"
"ID235","Name235","Category4","369.00"
"ID236","Name236","Category3","173.00"
"ID237","Name237","Category3","191.00"
"ID238","Name238","Category2","635.00"
"ID239","Name239","Category3","544.00"
"ID240","Name240","Category3","678.00"
"ID241","Name241","Category1","758.00"
"ID242","Name242","Category2","14.00"
"ID243","Name243","Category4","524.00"
"ID244","Name244","Category4","361.00"
"ID245","Name245","Category1","730.00"
"ID246","Name246","Category4","724.00"
"ID247","Name247","Category2","57.00"
"ID248","Name248","Category3","221.00"
"ID249","Name249","Category3","615.00"
"ID250","Name250","Category1","431.00"
"ID251","Name251","Category2","566.00"
"ID252","Name252","Category2","236.00"
"ID253","Name253","Category4","486.00"
"ID254","Name254","Category4","193.00"
"ID255","Name255","Category2","433.00"
"ID256","Name256","Category3","181.00"
"ID257","Name257","Category4","978.00"
"ID258","Name258","Category1","912.00"
"ID259","Name259","Category2","959.00"
"ID260","Name260","Category2","401.00"
"ID261","Name261","Category4","530.00"
"ID262","Name262","Category1","980.00"
"ID263","Name263","Category3","694.00"
"ID264","Name264","Category2","749.00"
"ID265","Name265","Category4","279.00"
"ID266","Name266","Category3","47.00"
"ID267","Name267","Category3","754.00"
"ID268","Name268","Category2","930.00"
"ID269","Name269","Category4","810.00"
"ID270","Name270","Category2","245.00"
"ID271","Name271","Category1","942.00"
"ID272","Name272","Category4","151.00"
"ID273","Name273","Category4","418.00"
"ID274","Name274","Category2","55.00"
"ID275","Name275","Category2","84.00"
"ID276","Name276","Category1","128.00"
"ID277","Name277","Category1","499.00"
"ID278","Name278","Category1","358.00"
"ID279","Name279","Category1","496.00"
"ID280","Name280","Category2","689.00"
"ID281","Name281","Category2","357.00"
"ID282","Name282","Category3","84.00"
"ID283","Name283","Category3","7.00"
"ID284","Name284","Category1","803.00"
"ID285","Name285","Category4","89.00"
"ID286","Name286","Category3","425.00"
"ID287","Name287","Category3","555.00"
"ID288","Name288","Category4","950.00"
"ID289","Name289","Category4","560.00"
"ID290","Name290","Category3","80.00"
"ID291","Name291","Category1","296.00"
"ID292","Name292","Category1","712.00"
"ID293","Name293","Category3","912.00"
"ID294","Name294","Category2","696.00"
"ID295","Name295","Category2","251.00"
"ID296","Name296","Category3","900.00"
"ID297","Name297","Category3","578.00"
"ID298","Name298","Category2","804.00"
"ID299","Name299","Category2","583.00"
"ID300","Name300","Category4","520.00"
"ID301","Name301","Category4","288.00"
"ID302","Name302","Category1","39.00"
"ID303","Name303","Category1","212.00"
"ID304","Name304","Category3","206.00"
"ID305","Name305","Category3","534.00"
"ID306","Name306","Category4","600.00"
"ID307","Name307","Category1","909.00"
"ID308","Name308","Category2","401.00"
"ID309","Name309","Category1","363.00"
"ID310","Name310","Category1","544.00"
"ID311","Name311","Category3","89.00"
"ID312","Name312","Category2","425.00"
"ID313","Name313","Category1","602.00"
"ID314","Name314","Category3","890.00"
"ID315","Name315","Category4","305.00"
"ID316","Name316","Category2","436.00"
"ID317","Name317","Category2","852.00"
"ID318","Name318","Category3","921.00"
"ID319","Name319","Category3","629.00"
"ID320","Name320","Category1","330.00"
"ID321","Name321","Category3","382.00"
"ID322","Name322","Category1","153.00"
"ID323","Name323","Category4","536.00"
"ID324","Name324","Category2","724.00"
"ID325","Name325","Category1","334.00"
"ID326","Name326","Category1","675.00"
"ID327","Name327","Category1","995.00"
"ID328","Name328","Category1","790.00"
"ID329","Name329","Category2","253.00"
"ID330","Name330","Category3","969.00"
"ID331","Name331","Category3","44.00"
"ID332","Name332","Category1","228.00"
"ID333","Name333","Category2","938.00"
"ID334","Name334","Category1","461.00"
"ID335","Name335","Category4","95.00"
"ID336","Name336","Category1","17.00"
"ID337","Name337","Category4","329.00"
"ID338","Name338","Category3","696.00"
"ID339","Name339","Category2","4.00"
"ID340","Name340","Category1","417.00"
"ID341","Name341","Category3","590.00"
"ID342","Name342","Category2","617.00"
"ID343","Name343","Category1","75.00"
"ID344","Name344","Category1","386.00"
"ID345","Name345","Category3","642.00"
"ID346","Name346","Category2","493.00"
"ID347","Name347","Category1","343.00"
"ID348","Name348","Category4","639.00"
"ID349","Name349","Category2","778.00"
"ID350","Name350","Category2","85.00"
"ID351","Name351","Category3","870.00"
"ID352","Name352","Category1","543.00"
"ID353","Name353","Category1","860.00"
"ID354","Name354","Category3","47.00"
"ID355","Name355","Category4","134.00"
"ID356","Name356","Category4","467.00"
"ID357","Name357","Category1","739.00"
"ID358","Name358","Category1","474.00"
"ID359","Name359","Category3","669.00"
"ID360","Name360","Category1","478.00"
"ID361","Name361","Category3","898.00"
"ID362","Name362","Category2","688.00"
"ID363","Name363","Category2","232.00"
"ID364","Name364","Category1","780.00"
"ID365","Name365","Category3","126.00"
"ID366","Name366","Category1","115.00"
"ID367","Name367","Category2","898.00"
"ID368","Name368","Category2","250.00"
"ID369","Name369","Category4","704.00"
"ID370","Name370","Category1","447.00"
"ID371","Name371","Category2","23.00"
"ID372","Name372","Category3","155.00"
"ID373","Name373","Category1","417.00"
"ID374","Name374","Category3","713.00"
"ID375","Name375","Category1","243.00"
"ID376","Name376","Category1","359.00"
"ID377","Name377","Category4","287.00"
"ID378","Name378","Category1","468.00"
"ID379","Name379","Category1","968.00"
"ID380","Name380","Category3","580.00"
"ID381","Name381","Category4","932.00"
"ID382","Name382","Category1","771.00"
"ID383","Name383","Category2","788.00"
"ID384","Name384","Category4","276.00"
"ID385","Name385","Category2","573.00"
"ID386","Name386","Category2","765.00"
"ID387","Name387","Category3","188.00"
"ID388","Name388","Category3","23.00"
"ID389","Name389","Category1","594.00"
"ID390","Name390","Category4","606.00"
"ID391","Name391","Category3","709.00"
"ID392","Name392","Category3","647.00"
"ID393","Name393","Category3","828.00"
"ID394","Name394","Category2","430.00"
"ID395","Name395","Category2","664.00"
"ID396","Name396","Category2","135.00"
"ID397","Name397","Category2","644.00"
"ID398","Name398","Category4","773.00"
"ID399","Name399","Category2","307.00"
"ID400","Name400","Category1","35.00"
"ID401","Name401","Category1","751.00"
"ID402","Name402","Category2","259.00"
"ID403","Name403","Category4","475.00"
"ID404","Name404","Category3","56.00"
"ID405","Name405","Category2","230.00"
"ID406","Name406","Category2","547.00"
"ID407","Name407","Category3","727.00"
"ID408","Name408","Category1","378.00"
"ID409","Name409","Category2","11.00"
"ID410","Name410","Category4","412.00"
"ID411","Name411","Category1","226.00"
"ID412","Name412","Category4","504.00"
"ID413","Name413","Category2","700.00"
"ID414","Name414","Category2","664.00"
"ID415","Name415","Category2","646.00"
"ID416","Name416","Category2","437.00"
"ID417","Name417","Category4","256.00"
"ID418","Name418","Category4","450.00"
"ID419","Name419","Category2","369.00"
"ID420","Name420","Category2","917.00"
"ID421","Name421","Category1","523.00"
"ID422","Name422","Category3","479.00"
"ID423","Name423","Category4","225.00"
"ID424","Name424","Category4","599.00"
"ID425","Name425","Category2","675.00"
"ID426","Name426","Category4","430.00"
"ID427","Name427","Category4","451.00"
"ID428","Name428","Category3","815.00"
"ID429","Name429","Category4","954.00"
"ID430","Name430","Category3","266.00"
"ID431","Name431","Category3","846.00"
"ID432","Name432","Category3","171.00"
"ID433","Name433","Category2","260.00"
"ID434","Name434","Category1","278.00"
"ID435","Name435","Category2","316.00"
"ID436","Name436","Category4","141.00"
"ID437","Name437","Category1","429.00"
"ID438","Name438","Category2","571.00"
"ID439","Name439","Category2","59.00"
"ID440","Name440","Category1","329.00"
"ID441","Name441","Category3","978.00"
"ID442","Name442","Category4","506.00"
"ID443","Name443","Category1","903.00"
"ID444","Name444","Category4","375.00"
"ID445","Name445","Category4","532.00"
"ID446","Name446","Category3","719.00"
"ID447","Name447","Category4","86.00"
"ID448","Name448","Category3","418.00"
"ID449","Name449","Category4","590.00"
"ID450","Name450","Category2","18.00"
"ID451","Name451","Category3","37.00"
"ID452","Name452","Category3","289.00"
"ID453","Name453","Category4","887.00"
"ID454","Name454","Category1","961.00"
"ID455","Name455","Category2","671.00"
"ID456","Name456","Category2","682.00"
"ID457","Name457","Category1","151.00"
"ID458","Name458","Category1","467.00"
"ID459","Name459","Category3","337.00"
"ID460","Name460","Category2","723.00"
"ID461","Name461","Category3","522.00"
"ID462","Name462","Category2","741.00"
"ID463","Name463","Category4","791.00"
"ID464","Name464","Category3","946.00"
"ID465","Name465","Category4","827.00"
"ID466","Name466","Category2","661.00"
"ID467","Name467","Category3","958.00"
"ID468","Name468","Category2","655.00"
"ID469","Name469","Category2","260.00"
"ID470","Name470","Category4","473.00"
"ID471","Name471","Category2","182.00"
"ID472","Name472","Category4","598.00"
"ID473","Name473","Category1","47.00"
"ID474","Name474","Category1","133.00"
"ID475","Name475","Category3","751.00"
"ID476","Name476","Category3","395.00"
"ID477","Name477","Category3","459.00"
"ID478","Name478","Category2","911.00"
"ID479","Name479","Category3","519.00"
"ID480","Name480","Category1","504.00"
"ID481","Name481","Category2","254.00"
"ID482","Name482","Category4","230.00"
"ID483","Name483","Category4","405.00"
"ID484","Name484","Category3","680.00"
"ID485","Name485","Category3","437.00"
"ID486","Name486","Category4","125.00"
"ID487","Name487","Category3","668.00"
"ID488","Name488","Category3","625.00"
"ID489","Name489","Category1","245.00"
"ID490","Name490","Category1","704.00"
"ID491","Name491","Category3","964.00"
"ID492","Name492","Category2","247.00"
"ID493","Name493","Category3","754.00"
"ID494","Name494","Category4","549.00"
"ID495","Name495","Category4","552.00"
"ID496","Name496","Category1","93.00"
"ID497","Name497","Category1","901.00"
"ID498","Name498","Category3","536.00"
"ID499","Name499","Category1","99.00"
"ID500","Name500","Category2","847.00"
"ID501","Name501","Category4","318.00"
"ID502","Name502","Category4","744.00"
"ID503","Name503","Category1","675.00"
"ID504","Name504","Category2","525.00"
"ID505","Name505","Category3","188.00"
"ID506","Name506","Category4","598.00"
"ID507","Name507","Category2","483.00"
"ID508","Name508","Category1","612.00"
"ID509","Name509","Category4","158.00"
"ID510","Name510","Category3","368.00"
"ID511","Name511","Category1","31.00"
"ID512","Name512","Category2","81.00"
"ID513","Name513","Category2","673.00"
"ID514","Name514","Category1","377.00"
"ID515","Name515","Category4","562.00"
"ID516","Name516","Category4","60.00"
"ID517","Name517","Category1","990.00"
"ID518","Name518","Category1","519.00"
"ID519","Name519","Category3","195.00"
"ID520","Name520","Category3","710.00"
"ID521","Name521","Category2","647.00"
"ID522","Name522","Category1","766.00"
"ID523","Name523","Category3","630.00"
"ID524","Name524","Category3","932.00"
"ID525","Name525","Category1","835.00"
"ID526","Name526","Category2","705.00"
"ID527","Name527","Category4","338.00"
"ID528","Name528","Category4","453.00"
"ID529","Name529","Category2","790.00"
"ID530","Name530","Category2","306.00"
"ID531","Name531","Category1","204.00"
"ID532","Name532","Category1","821.00"
"ID533","Name533","Category1","189.00"
"ID534","Name534","Category4","538.00"
"ID535","Name535","Category2","950.00"
"ID536","Name536","Category4","208.00"
"ID537","Name537","Category3","709.00"
"ID538","Name538","Category3","886.00"
"ID539","Name539","Category1","716.00"
"ID540","Name540","Category3","822.00"
"ID541","Name541","Category3","498.00"
"ID542","Name542","Category2","534.00"
"ID543","Name543","Category3","216.00"
"ID544","Name544","Category2","131.00"
"ID545","Name545","Category2","158.00"
"ID546","Name546","Category3","497.00"
"ID547","Name547","Category4","116.00"
"ID548","Name548","Category2","785.00"
"ID549","Name549","Category1","553.00"
"ID550","Name550","Category4","569.00"
"ID551","Name551","Category2","926.00"
"ID552","Name552","Category4","346.00"
"ID553","Name553","Category4","318.00"
"ID554","Name554","Category4","899.00"
"ID555","Name555","Category1","681.00"
"ID556","Name556","Category3","128.00"
"ID557","Name557","Category1","995.00"
"ID558","Name558","Category4","242.00"
"ID559","Name559","Category3","94.00"
"ID560","Name560","Category4","66.00"
"ID561","Name561","Category2","641.00"
"ID562","Name562","Category1","859.00"
"ID563","Name563","Category4","91.00"
"ID564","Name564","Category1","716.00"
"ID565","Name565","Category2","631.00"
"ID566","Name566","Category3","130.00"
"ID567","Name567","Category1","980.00"
"ID568","Name568","Category3","309.00"
"ID569","Name569","Category1","729.00"
"ID570","Name570","Category3","533.00"
"ID571","Name571","Category1","278.00"
"ID572","Name572","Category2","393.00"
"ID573","Name573","Category3","560.00"
"ID574","Name574","Category1","258.00"
"ID575","Name575","Category4","729.00"
"ID576","Name576","Category4","810.00"
"ID577","Name577","Category4","218.00"
"ID578","Name578","Category2","658.00"
"ID579","Name579","Category1","585.00"
"ID580","Name580","Category2","573.00"
"ID581","Name581","Category3","480.00"
"ID582","Name582","Category2","887.00"
"ID583","Name583","Category2","63.00"
"ID584","Name584","Category3","233.00"
"ID585","Name585","Category4","835.00"
"ID586","Name586","Category2","594.00"
"ID587","Name587","Category4","353.00"
"ID588","Name588","Category4","304.00"
"ID589","Name589","Category3","764.00"
"ID590","Name590","Category2","368.00"
"ID591","Name591","Category2","9.00"
"ID592","Name592","Category2","295.00"
"ID593","Name593","Category1","836.00"
"ID594","Name594","Category3","615.00"
"ID595","Name595","Category4","956.00"
"ID596","Name596","Category3","805.00"
"ID597","Name597","Category3","109.00"
"ID598","Name598","Category3","74.00"
"ID599","Name599","Category2","540.00"
"ID600","Name600","Category3","388.00"
"ID601","Name601","Category1","419.00"
"ID602","Name602","Category4","536.00"
"ID603","Name603","Category4","215.00"
"ID604","Name604","Category3","23.00"
"ID605","Name605","Category3","263.00"
"ID606","Name606","Category1","555.00"
"ID607","Name607","Category4","97.00"
"ID608","Name608","Category4","272.00"
"ID609","Name609","Category1","758.00"
"ID610","Name610","Category4","637.00"
"ID611","Name611","Category1","866.00"
"ID612","Name612","Category3","780.00"
"ID613","Name613","Category4","283.00"
"ID614","Name614","Category1","415.00"
"ID615","Name615","Category1","323.00"
"ID616","Name616","Category1","343.00"
"ID617","Name617","Category2","337.00"
"ID618","Name618","Category4","680.00"
"ID619","Name619","Category2","257.00"
"ID620","Name620","Category1","159.00"
"ID621","Name621","Category2","1.00"
"ID622","Name622","Category4","374.00"
"ID623","Name623","Category1","403.00"
"ID624","Name624","Category3","982.00"
"ID625","Name625","Category1","463.00"
"ID626","Name626","Category3","14.00"
"ID627","Name627","Category3","807.00"
"ID628","Name628","Category2","318.00"
"ID629","Name629","Category1","945.00"
"ID630","Name630","Category3","194.00"
"ID631","Name631","Category2","689.00"
"ID632","Name632","Category3","57.00"
"ID633","Name633","Category3","100.00"
"ID634","Name634","Category2","121.00"
"ID635","Name635","Category3","720.00"
"ID636","Name636","Category3","920.00"
"ID637","Name637","Category4","193.00"
"ID638","Name638","Category4","744.00"
"ID639","Name639","Category4","983.00"
"ID640","Name640","Category1","281.00"
"ID641","Name641","Category3","554.00"
"ID642","Name642","Category2","88.00"
"ID643","Name643","Category4","676.00"
"ID644","Name644","Category2","608.00"
"ID645","Name645","Category3","897.00"
"ID646","Name646","Category1","553.00"
"ID647","Name647","Category3","554.00"
"ID648","Name648","Category1","410.00"
"ID649","Name649","Category3","11.00"
"ID650","Name650","Category2","695.00"
"ID651","Name651","Category1","267.00"
"ID652","Name652","Category2","321.00"
"ID653","Name653","Category3","416.00"
"ID654","Name654","Category4","600.00"
"ID655","Name655","Category3","647.00"
"ID656","Name656","Category1","529.00"
"ID657","Name657","Category2","954.00"
"ID658","Name658","Category3","659.00"
"ID659","Name659","Category4","568.00"
"ID660","Name660","Category1","726.00"
"ID661","Name661","Category3","794.00"
"ID662","Name662","Category2","417.00"
"ID663","Name663","Category1","733.00"
"ID664","Name664","Category4","504.00"
"ID665","Name665","Category2","746.00"
"ID666","Name666","Category3","872.00"
"ID667","Name667","Category1","733.00"
"ID668","Name668","Category2","147.00"
"ID669","Name669","Category2","706.00"
"ID670","Name670","Category2","689.00"
"ID671","Name671","Category3","258.00"
"ID672","Name672","Category2","930.00"
"ID673","Name673","Category2","108.00"
"ID674","Name674","Category2","400.00"
"ID675","Name675","Category3","359.00"
"ID676","Name676","Category3","218.00"
"ID677","Name677","Category4","472.00"
"ID678","Name678","Category1","791.00"
"ID679","Name679","Category3","966.00"
"ID680","Name680","Category4","109.00"
"ID681","Name681","Category2","424.00"
"ID682","Name682","Category1","955.00"
"ID683","Name683","Category2","773.00"
"ID684","Name684","Category2","560.00"
"ID685","Name685","Category3","112.00"
"ID686","Name686","Category3","512.00"
"ID687","Name687","Category4","798.00"
"ID688","Name688","Category4","128.00"
"ID689","Name689","Category3","588.00"
"ID690","Name690","Category1","261.00"
"ID691","Name691","Category3","266.00"
"ID692","Name692","Category4","673.00"
"ID693","Name693","Category2","551.00"
"ID694","Name694","Category4","43.00"
"ID695","Name695","Category3","714.00"
"ID696","Name696","Category2","910.00"
"ID697","Name697","Category2","654.00"
"ID698","Name698","Category3","707.00"
"ID699","Name699","Category3","984.00"
"ID700","Name700","Category3","75.00"
"ID701","Name701","Category4","139.00"
"ID702","Name702","Category3","216.00"
"ID703","Name703","Category2","937.00"
"ID704","Name704","Category3","198.00"
"ID705","Name705","Category4","277.00"
"ID706","Name706","Category4","463.00"
"ID707","Name707","Category3","319.00"
"ID708","Name708","Category4","419.00"
"ID709","Name709","Category2","224.00"
"ID710","Name710","Category1","549.00"
"ID711","Name711","Category1","36.00"
"ID712","Name712","Category3","35.00"
"ID713","Name713","Category4","84.00"
"ID714","Name714","Category2","797.00"
"ID715","Name715","Category3","199.00"
"ID716","Name716","Category3","424.00"
"ID717","Name717","Category3","775.00"
"ID718","Name718","Category4","460.00"
"ID719","Name719","Category2","927.00"
"ID720","Name720","Category1","415.00"
"ID721","Name721","Category3","801.00"
"ID722","Name722","Category3","205.00"
"ID723","Name723","Category4","26.00"
"ID724","Name724","Category2","357.00"
"ID725","Name725","Category4","63.00"
"ID726","Name726","Category4","110.00"
"ID727","Name727","Category2","182.00"
"ID728","Name728","Category4","398.00"
"ID729","Name729","Category3","156.00"
"ID730","Name730","Category1","892.00"
"ID731","Name731","Category3","136.00"
"ID732","Name732","Category1","432.00"
"ID733","Name733","Category4","198.00"
"ID734","Name734","Category4","150.00"
"ID735","Name735","Category1","804.00"
"ID736","Name736","Category3","722.00"
"ID737","Name737","Category1","540.00"
"ID738","Name738","Category4","926.00"
"ID739","Name739","Category1","983.00"
"ID740","Name740","Category4","431.00"
"ID741","Name741","Category4","496.00"
"ID742","Name742","Category4","717.00"
"ID743","Name743","Category4","112.00"
"ID744","Name744","Category2","722.00"
"ID745","Name745","Category1","866.00"
"ID746","Name746","Category2","95.00"
"ID747","Name747","Category4","556.00"
"ID748","Name748","Category3","807.00"
"ID749","Name749","Category2","399.00"
"ID750","Name750","Category4","378.00"
"ID751","Name751","Category4","220.00"
"ID752","Name752","Category1","973.00"
"ID753","Name753","Category2","496.00"
"ID754","Name754","Category3","722.00"
"ID755","Name755","Category4","481.00"
"ID756","Name756","Category2","998.00"
"ID757","Name757","Category2","256.00"
"ID758","Name758","Category3","200.00"
"ID759","Name759","Category2","167.00"
"ID760","Name760","Category3","224.00"
"ID761","Name761","Category4","364.00"
"ID762","Name762","Category2","907.00"
"ID763","Name763","Category3","448.00"
"ID764","Name764","Category1","377.00"
"ID765","Name765","Category1","702.00"
"ID766","Name766","Category1","402.00"
"ID767","Name767","Category1","833.00"
"ID768","Name768","Category3","744.00"
"ID769","Name769","Category1","252.00"
"ID770","Name770","Category2","298.00"
"ID771","Name771","Category1","145.00"
"ID772","Name772","Category3","998.00"
"ID773","Name773","Category3","916.00"
"ID774","Name774","Category3","230.00"
"ID775","Name775","Category1","392.00"
"ID776","Name776","Category2","323.00"
"ID777","Name777","Category3","42.00"
"ID778","Name778","Category4","203.00"
"ID779","Name779","Category4","60.00"
"ID780","Name780","Category1","259.00"
"ID781","Name781","Category4","21.00"
"ID782","Name782","Category4","825.00"
"ID783","Name783","Category4","526.00"
"ID784","Name784","Category3","983.00"
"ID785","Name785","Category3","694.00"
"ID786","Name786","Category3","586.00"
"ID787","Name787","Category3","771.00"
"ID788","Name788","Category3","590.00"
"ID789","Name789","Category4","708.00"
"ID790","Name790","Category1","942.00"
"ID791","Name791","Category3","278.00"
"ID792","Name792","Category3","541.00"
"ID793","Name793","Category3","968.00"
"ID794","Name794","Category4","198.00"
"ID795","Name795","Category4","302.00"
"ID796","Name796","Category1","165.00"
"ID797","Name797","Category2","633.00"
"ID798","Name798","Category1","505.00"
"ID799","Name799","Category2","121.00"
"ID800","Name800","Category2","409.00"
"ID801","Name801","Category1","655.00"
"ID802","Name802","Category3","472.00"
"ID803","Name803","Category4","778.00"
"ID804","Name804","Category4","287.00"
"ID805","Name805","Category2","206.00"
"ID806","Name806","Category1","26.00"
"ID807","Name807","Category2","500.00"
"ID808","Name808","Category2","264.00"
"ID809","Name809","Category2","338.00"
"ID810","Name810","Category3","591.00"
"ID811","Name811","Category2","890.00"
"ID812","Name812","Category1","891.00"
"ID813","Name813","Category3","711.00"
"ID814","Name814","Category2","153.00"
"ID815","Name815","Category4","270.00"
"ID816","Name816","Category1","997.00"
"ID817","Name817","Category3","305.00"
"ID818","Name818","Category3","940.00"
"ID819","Name819","Category4","774.00"
"ID820","Name820","Category1","655.00"
"ID821","Name821","Category4","762.00"
"ID822","Name822","Category1","777.00"
"ID823","Name823","Category4","737.00"
"ID824","Name824","Category3","538.00"
"ID825","Name825","Category4","494.00"
"ID826","Name826","Category1","130.00"
"ID827","Name827","Category4","736.00"
"ID828","Name828","Category3","442.00"
"ID829","Name829","Category1","442.00"
"ID830","Name830","Category4","186.00"
"ID831","Name831","Category3","925.00"
"ID832","Name832","Category3","778.00"
"ID833","Name833","Category1","762.00"
"ID834","Name834","Category3","130.00"
"ID835","Name835","Category2","540.00"
"ID836","Name836","Category2","143.00"
"ID837","Name837","Category2","370.00"
"ID838","Name838","Category3","97.00"
"ID839","Name839","Category1","79.00"
"ID840","Name840","Category4","819.00"
"ID841","Name841","Category3","191.00"
"ID842","Name842","Category1","904.00"
"ID843","Name843","Category4","5.00"
"ID844","Name844","Category4","703.00"
"ID845","Name845","Category2","750.00"
"ID846","Name846","Category2","638.00"
"ID847","Name847","Category1","124.00"
"ID848","Name848","Category1","321.00"
"ID849","Name849","Category3","265.00"
"ID850","Name850","Category2","73.00"
"ID851","Name851","Category1","365.00"
"ID852","Name852","Category4","705.00"
"ID853","Name853","Category1","184.00"
"ID854","Name854","Category1","198.00"
"ID855","Name855","Category3","484.00"
"ID856","Name856","Category4","619.00"
"ID857","Name857","Category1","873.00"
"ID858","Name858","Category3","513.00"
"ID859","Name859","Category3","681.00"
"ID860","Name860","Category3","422.00"
"ID861","Name861","Category4","139.00"
"ID862","Name862","Category2","83.00"
"ID863","Name863","Category2","778.00"
"ID864","Name864","Category3","9.00"
"ID865","Name865","Category4","640.00"
"ID866","Name866","Category2","659.00"
"ID867","Name867","Category4","100.00"
"ID868","Name868","Category3","112.00"
"ID869","Name869","Category3","689.00"
"ID870","Name870","Category3","791.00"
"ID871","Name871","Category2","925.00"
"ID872","Name872","Category4","430.00"
"ID873","Name873","Category2","869.00"
"ID874","Name874","Category4","817.00"
"ID875","Name875","Category1","839.00"
"ID876","Name876","Category2","230.00"
"ID877","Name877","Category4","940.00"
"ID878","Name878","Category4","575.00"
"ID879","Name879","Category3","326.00"
"ID880","Name880","Category3","410.00"
"ID881","Name881","Category2","264.00"
"ID882","Name882","Category4","923.00"
"ID883","Name883","Category1","42.00"
"ID884","Name884","Category3","302.00"
"ID885","Name885","Category1","718.00"
"ID886","Name886","Category4","803.00"
"ID887","Name887","Category3","496.00"
"ID888","Name888","Category4","595.00"
"ID889","Name889","Category4","369.00"
"ID890","Name890","Category2","61.00"
"ID891","Name891","Category2","83.00"
"ID892","Name892","Category3","704.00"
"ID893","Name893","Category2","709.00"
"ID894","Name894","Category2","728.00"
"ID895","Name895","Category2","571.00"
"ID896","Name896","Category3","471.00"
"ID897","Name897","Category1","672.00"
"ID898","Name898","Category4","103.00"
"ID899","Name899","Category3","665.00"
"ID900","Name900","Category4","258.00"
"ID901","Name901","Category3","183.00"
"ID902","Name902","Category4","544.00"
"ID903","Name903","Category1","493.00"
"ID904","Name904","Category3","322.00"
"ID905","Name905","Category1","132.00"
"ID906","Name906","Category2","179.00"
"ID907","Name907","Category1","760.00"
"ID908","Name908","Category1","98.00"
"ID909","Name909","Category3","498.00"
"ID910","Name910","Category1","480.00"
"ID911","Name911","Category2","574.00"
"ID912","Name912","Category3","389.00"
"ID913","Name913","Category2","368.00"
"ID914","Name914","Category1","374.00"
"ID915","Name915","Category3","317.00"
"ID916","Name916","Category4","106.00"
"ID917","Name917","Category3","633.00"
"ID918","Name918","Category4","714.00"
"ID919","Name919","Category4","632.00"
"ID920","Name920","Category3","584.00"
"ID921","Name921","Category2","829.00"
"ID922","Name922","Category1","719.00"
"ID923","Name923","Category3","564.00"
"ID924","Name924","Category2","607.00"
"ID925","Name925","Category3","230.00"
"ID926","Name926","Category2","879.00"
"ID927","Name927","Category3","657.00"
"ID928","Name928","Category3","276.00"
"ID929","Name929","Category3","366.00"
"ID930","Name930","Category4","319.00"
"ID931","Name931","Category4","508.00"
"ID932","Name932","Category4","868.00"
"ID933","Name933","Category1","75.00"
"ID934","Name934","Category3","586.00"
"ID935","Name935","Category1","726.00"
"ID936","Name936","Category3","331.00"
"ID937","Name937","Category4","76.00"
"ID938","Name938","Category2","598.00"
"ID939","Name939","Category1","233.00"
"ID940","Name940","Category1","130.00"
"ID941","Name941","Category2","748.00"
"ID942","Name942","Category2","29.00"
"ID943","Name943","Category4","143.00"
"ID944","Name944","Category2","590.00"
"ID945","Name945","Category3","451.00"
"ID946","Name946","Category4","645.00"
"ID947","Name947","Category1","244.00"
"ID948","Name948","Category1","821.00"
"ID949","Name949","Category1","310.00"
"ID950","Name950","Category1","880.00"
"ID951","Name951","Category3","548.00"
"ID952","Name952","Category4","812.00"
"ID953","Name953","Category1","882.00"
"ID954","Name954","Category3","987.00"
"ID955","Name955","Category3","3.00"
"ID956","Name956","Category4","393.00"
"ID957","Name957","Category4","197.00"
"ID958","Name958","Category1","242.00"
"ID959","Name959","Category1","626.00"
"ID960","Name960","Category4","349.00"
"ID961","Name961","Category3","364.00"
"ID962","Name962","Category4","578.00"
"ID963","Name963","Category2","233.00"
"ID964","Name964","Category2","197.00"
"ID965","Name965","Category4","771.00"
"ID966","Name966","Category4","443.00"
"ID967","Name967","Category4","862.00"
"ID968","Name968","Category3","93.00"
"ID969","Name969","Category1","194.00"
"ID970","Name970","Category3","698.00"
"ID971","Name971","Category1","524.00"
"ID972","Name972","Category4","427.00"
"ID973","Name973","Category3","752.00"
"ID974","Name974","Category3","726.00"
"ID975","Name975","Category4","496.00"
"ID976","Name976","Category3","650.00"
"ID977","Name977","Category3","48.00"
"ID978","Name978","Category4","892.00"
"ID979","Name979","Category2","169.00"
"ID980","Name980","Category1","711.00"
"ID981","Name981","Category3","130.00"
"ID982","Name982","Category4","867.00"
"ID983","Name983","Category4","487.00"
"ID984","Name984","Category4","838.00"
"ID985","Name985","Category4","206.00"
"ID986","Name986","Category1","922.00"
"ID987","Name987","Category3","820.00"
"ID988","Name988","Category2","691.00"
"ID989","Name989","Category1","274.00"
"ID990","Name990","Category4","458.00"
"ID991","Name991","Category3","956.00"
"ID992","Name992","Category3","243.00"
"ID993","Name993","Category4","108.00"
"ID994","Name994","Category2","638.00"
"ID995","Name995","Category3","849.00"
"ID996","Name996","Category4","261.00"
"ID997","Name997","Category1","472.00"
"ID998","Name998","Category3","816.00"
"ID999","Name999","Category3","58.00"
"ID1000","Name1000","Category2","656.00"
